Character,Class,HP,Str,Mag,Dex,Spd,Def,Res,Lck,Bld,Rating
Alear,Dragon Child,70,45,20,55,65,50,35,30,10,380
Alear,Divine Dragon,70,45,20,55,65,55,40,35,10,395
Alear,Sword Fighter,70,45,20,60,70,40,40,35,5,385
Alear,Swordmaster,70,45,20,60,70,40,40,40,5,390
Alear,Hero,75,50,20,55,65,40,35,40,5,385
Alear,Lance Fighter,70,45,25,65,55,50,30,25,5,370
Alear,Halberdier,70,50,25,65,60,55,30,30,5,390
Alear,Royal Knight,65,45,35,60,65,45,45,35,5,400
Alear,Axe Fighter,85,55,20,50,60,45,25,25,10,375
Alear,Berserker,90,65,20,50,60,45,25,25,15,395
Alear,Warrior,85,55,20,55,65,50,30,25,10,395
Alear,Archer,70,50,20,70,60,45,25,30,5,375
Alear,Sniper,75,50,20,75,60,50,25,35,5,395
Alear,Bow Knight,70,45,20,65,70,40,40,40,5,395
Alear,Sword Armor,80,50,20,55,50,70,25,25,10,385
Alear,Lance Armor,80,50,20,55,50,70,25,25,10,385
Alear,Axe Armor,80,50,20,55,50,70,25,25,10,385
Alear,General,85,55,20,55,50,70,25,25,15,400
Alear,Great Knight,80,50,20,60,50,65,35,30,10,400
Alear,Sword Cavalier,70,45,20,55,60,50,35,35,5,375
Alear,Lance Cavalier,70,45,20,55,60,50,35,35,5,375
Alear,Axe Cavalier,70,45,20,55,60,50,35,35,5,375
Alear,Paladin,75,50,20,55,65,55,40,35,5,400
Alear,Wolf Knight,70,40,20,60,70,45,45,45,5,400
Alear,Mage,60,35,45,50,50,40,50,30,5,365
Alear,Sage,60,35,50,50,50,40,55,40,5,385
Alear,Mage Knight,65,40,45,45,55,50,50,30,5,385
Alear,Martial Monk,60,45,45,45,50,50,45,35,5,380
Alear,Martial Master,65,45,40,45,50,55,50,35,5,390
Alear,High Priest,60,35,45,45,55,40,55,55,5,395
Alear,Sword Flier,65,45,25,55,60,40,35,35,5,365
Alear,Lance Flier,65,45,25,55,60,40,35,35,5,365
Alear,Axe Flier,65,45,25,55,60,40,35,35,5,365
Alear,Griffin Knight,60,45,35,60,70,40,40,40,5,395
Alear,Wyvern Knight,80,55,20,55,55,60,30,30,10,395
Alear,Thief,65,45,20,65,65,55,30,40,5,390
Vander,Sword Fighter,70,35,10,40,55,35,35,20,5,305
Vander,Swordmaster,70,35,10,40,55,35,35,25,5,310
Vander,Hero,75,40,10,35,50,35,30,25,5,305
Vander,Lance Fighter,70,35,15,45,40,45,25,10,5,290
Vander,Halberdier,70,40,15,45,45,50,25,15,5,310
Vander,Royal Knight,65,35,25,40,50,40,40,20,5,320
Vander,Axe Fighter,85,45,10,30,45,40,20,10,10,295
Vander,Berserker,90,55,10,30,45,40,20,10,15,315
Vander,Warrior,85,45,10,35,50,45,25,10,10,315
Vander,Archer,70,40,10,50,45,40,20,15,5,295
Vander,Sniper,75,40,10,55,45,45,20,20,5,315
Vander,Bow Knight,70,35,10,45,55,35,35,25,5,315
Vander,Sword Armor,80,40,10,35,35,65,20,10,10,305
Vander,Lance Armor,80,40,10,35,35,65,20,10,10,305
Vander,Axe Armor,80,40,10,35,35,65,20,10,10,305
Vander,General,85,45,10,35,35,65,20,10,15,320
Vander,Great Knight,80,40,10,40,35,60,30,15,10,320
Vander,Sword Cavalier,70,35,10,35,45,45,30,20,5,295
Vander,Lance Cavalier,70,35,10,35,45,45,30,20,5,295
Vander,Axe Cavalier,70,35,10,35,45,45,30,20,5,295
Vander,Paladin,75,40,10,35,50,50,35,20,5,320
Vander,Wolf Knight,70,30,10,40,55,40,40,30,5,320
Vander,Mage,60,25,35,30,35,35,45,15,5,285
Vander,Sage,60,25,40,30,35,35,50,25,5,305
Vander,Mage Knight,65,30,35,25,40,45,45,15,5,305
Vander,Martial Monk,60,35,35,25,35,45,40,20,5,300
Vander,Martial Master,65,35,30,25,35,50,45,20,5,310
Vander,High Priest,60,25,35,25,40,35,50,40,5,315
Vander,Sword Flier,65,35,15,35,45,35,30,20,5,285
Vander,Lance Flier,65,35,15,35,45,35,30,20,5,285
Vander,Axe Flier,65,35,15,35,45,35,30,20,5,285
Vander,Griffin Knight,60,35,25,40,55,35,35,25,5,315
Vander,Wyvern Knight,80,45,10,35,40,55,25,15,10,315
Vander,Thief,65,35,10,45,50,50,25,25,5,310
Clanne,Sword Fighter,50,45,10,55,70,30,40,30,5,335
Clanne,Swordmaster,50,45,10,55,70,30,40,35,5,340
Clanne,Hero,55,50,10,50,65,30,35,35,5,335
Clanne,Lance Fighter,50,45,15,60,55,40,30,20,5,320
Clanne,Halberdier,50,50,15,60,60,45,30,25,5,340
Clanne,Royal Knight,45,45,25,55,65,35,45,30,5,350
Clanne,Axe Fighter,65,55,10,45,60,35,25,20,10,325
Clanne,Berserker,70,65,10,45,60,35,25,20,15,345
Clanne,Warrior,65,55,10,50,65,40,30,20,10,345
Clanne,Archer,50,50,10,65,60,35,25,25,5,325
Clanne,Sniper,55,50,10,70,60,40,25,30,5,345
Clanne,Bow Knight,50,45,10,60,70,30,40,35,5,345
Clanne,Sword Armor,60,50,10,50,50,60,25,20,10,335
Clanne,Lance Armor,60,50,10,50,50,60,25,20,10,335
Clanne,Axe Armor,60,50,10,50,50,60,25,20,10,335
Clanne,General,65,55,10,50,50,60,25,20,15,350
Clanne,Great Knight,60,50,10,55,50,55,35,25,10,350
Clanne,Sword Cavalier,50,45,10,50,60,40,35,30,5,325
Clanne,Lance Cavalier,50,45,10,50,60,40,35,30,5,325
Clanne,Axe Cavalier,50,45,10,50,60,40,35,30,5,325
Clanne,Paladin,55,50,10,50,65,45,40,30,5,350
Clanne,Wolf Knight,50,40,10,55,70,35,45,40,5,350
Clanne,Mage,40,35,35,45,50,30,50,25,5,315
Clanne,Sage,40,35,40,45,50,30,55,35,5,335
Clanne,Mage Knight,45,40,35,40,55,40,50,25,5,335
Clanne,Martial Monk,40,45,35,40,50,40,45,30,5,330
Clanne,Martial Master,45,45,30,40,50,45,50,30,5,340
Clanne,High Priest,40,35,35,40,55,30,55,50,5,345
Clanne,Sword Flier,45,45,15,50,60,30,35,30,5,315
Clanne,Lance Flier,45,45,15,50,60,30,35,30,5,315
Clanne,Axe Flier,45,45,15,50,60,30,35,30,5,315
Clanne,Griffin Knight,40,45,25,55,70,30,40,35,5,345
Clanne,Wyvern Knight,60,55,10,50,55,50,30,25,10,345
Clanne,Thief,45,45,10,60,65,45,30,35,5,340
Framme,Sword Fighter,65,40,25,50,75,25,45,35,0,360
Framme,Swordmaster,65,40,25,50,75,25,45,40,0,365
Framme,Hero,70,45,25,45,70,25,40,40,0,360
Framme,Lance Fighter,65,40,30,55,60,35,35,25,0,345
Framme,Halberdier,65,45,30,55,65,40,35,30,0,365
Framme,Royal Knight,60,40,40,50,70,30,50,35,0,375
Framme,Axe Fighter,80,50,25,40,65,30,30,25,5,350
Framme,Berserker,85,60,25,40,65,30,30,25,10,370
Framme,Warrior,80,50,25,45,70,35,35,25,5,370
Framme,Archer,65,45,25,60,65,30,30,30,0,350
Framme,Sniper,70,45,25,65,65,35,30,35,0,370
Framme,Bow Knight,65,40,25,55,75,25,45,40,0,370
Framme,Sword Armor,75,45,25,45,55,55,30,25,5,360
Framme,Lance Armor,75,45,25,45,55,55,30,25,5,360
Framme,Axe Armor,75,45,25,45,55,55,30,25,5,360
Framme,General,80,50,25,45,55,55,30,25,10,375
Framme,Great Knight,75,45,25,50,55,50,40,30,5,375
Framme,Sword Cavalier,65,40,25,45,65,35,40,35,0,350
Framme,Lance Cavalier,65,40,25,45,65,35,40,35,0,350
Framme,Axe Cavalier,65,40,25,45,65,35,40,35,0,350
Framme,Paladin,70,45,25,45,70,40,45,35,0,375
Framme,Wolf Knight,65,35,25,50,75,30,50,45,0,375
Framme,Mage,55,30,50,40,55,25,55,30,0,340
Framme,Sage,55,30,55,40,55,25,60,40,0,360
Framme,Mage Knight,60,35,50,35,60,35,55,30,0,360
Framme,Martial Monk,55,40,50,35,55,35,50,35,0,355
Framme,Martial Master,60,40,45,35,55,40,55,35,0,365
Framme,High Priest,55,30,50,35,60,25,60,55,0,370
Framme,Sword Flier,60,40,30,45,65,25,40,35,0,340
Framme,Lance Flier,60,40,30,45,65,25,40,35,0,340
Framme,Axe Flier,60,40,30,45,65,25,40,35,0,340
Framme,Griffin Knight,55,40,40,50,75,25,45,40,0,370
Framme,Wyvern Knight,75,50,25,45,60,45,35,30,5,370
Framme,Thief,60,40,25,55,70,40,35,40,0,365
Alfred,Noble (Alfred),80,55,5,40,45,60,25,55,10,375
Alfred,Avenir,80,55,5,40,50,65,25,60,15,395
Alfred,Sword Fighter,75,50,5,50,60,40,35,50,10,375
Alfred,Swordmaster,75,50,5,50,60,40,35,55,10,380
Alfred,Hero,80,55,5,45,55,40,30,55,10,375
Alfred,Lance Fighter,75,50,10,55,45,50,25,40,10,360
Alfred,Halberdier,75,55,10,55,50,55,25,45,10,380
Alfred,Royal Knight,70,50,20,50,55,45,40,50,10,390
Alfred,Axe Fighter,90,60,5,40,50,45,20,40,15,365
Alfred,Berserker,95,70,5,40,50,45,20,40,20,385
Alfred,Warrior,90,60,5,45,55,50,25,40,15,385
Alfred,Archer,75,55,5,60,50,45,20,45,10,365
Alfred,Sniper,80,55,5,65,50,50,20,50,10,385
Alfred,Bow Knight,75,50,5,55,60,40,35,55,10,385
Alfred,Sword Armor,85,55,5,45,40,70,20,40,15,375
Alfred,Lance Armor,85,55,5,45,40,70,20,40,15,375
Alfred,Axe Armor,85,55,5,45,40,70,20,40,15,375
Alfred,General,90,60,5,45,40,70,20,40,20,390
Alfred,Great Knight,85,55,5,50,40,65,30,45,15,390
Alfred,Sword Cavalier,75,50,5,45,50,50,30,50,10,365
Alfred,Lance Cavalier,75,50,5,45,50,50,30,50,10,365
Alfred,Axe Cavalier,75,50,5,45,50,50,30,50,10,365
Alfred,Paladin,80,55,5,45,55,55,35,50,10,390
Alfred,Wolf Knight,75,45,5,50,60,45,40,60,10,390
Alfred,Mage,65,40,30,40,40,40,45,45,10,355
Alfred,Sage,65,40,35,40,40,40,50,55,10,375
Alfred,Mage Knight,70,45,30,35,45,50,45,45,10,375
Alfred,Martial Monk,65,50,30,35,40,50,40,50,10,370
Alfred,Martial Master,70,50,25,35,40,55,45,50,10,380
Alfred,High Priest,65,40,30,35,45,40,50,70,10,385
Alfred,Sword Flier,70,50,10,45,50,40,30,50,10,355
Alfred,Lance Flier,70,50,10,45,50,40,30,50,10,355
Alfred,Axe Flier,70,50,10,45,50,40,30,50,10,355
Alfred,Griffin Knight,65,50,20,50,60,40,35,55,10,385
Alfred,Wyvern Knight,85,60,5,45,45,60,25,45,15,385
Alfred,Thief,70,50,5,55,55,55,25,55,10,380
Etie,Sword Fighter,55,50,0,40,55,25,45,35,5,310
Etie,Swordmaster,55,50,0,40,55,25,45,40,5,315
Etie,Hero,60,55,0,35,50,25,40,40,5,310
Etie,Lance Fighter,55,50,5,45,40,35,35,25,5,295
Etie,Halberdier,55,55,5,45,45,40,35,30,5,315
Etie,Royal Knight,50,50,15,40,50,30,50,35,5,325
Etie,Axe Fighter,70,60,0,30,45,30,30,25,10,300
Etie,Berserker,75,70,0,30,45,30,30,25,15,320
Etie,Warrior,70,60,0,35,50,35,35,25,10,320
Etie,Archer,55,55,0,50,45,30,30,30,5,300
Etie,Sniper,60,55,0,55,45,35,30,35,5,320
Etie,Bow Knight,55,50,0,45,55,25,45,40,5,320
Etie,Sword Armor,65,55,0,35,35,55,30,25,10,310
Etie,Lance Armor,65,55,0,35,35,55,30,25,10,310
Etie,Axe Armor,65,55,0,35,35,55,30,25,10,310
Etie,General,70,60,0,35,35,55,30,25,15,325
Etie,Great Knight,65,55,0,40,35,50,40,30,10,325
Etie,Sword Cavalier,55,50,0,35,45,35,40,35,5,300
Etie,Lance Cavalier,55,50,0,35,45,35,40,35,5,300
Etie,Axe Cavalier,55,50,0,35,45,35,40,35,5,300
Etie,Paladin,60,55,0,35,50,40,45,35,5,325
Etie,Wolf Knight,55,45,0,40,55,30,50,45,5,325
Etie,Mage,45,40,25,30,35,25,55,30,5,290
Etie,Sage,45,40,30,30,35,25,60,40,5,310
Etie,Mage Knight,50,45,25,25,40,35,55,30,5,310
Etie,Martial Monk,45,50,25,25,35,35,50,35,5,305
Etie,Martial Master,50,50,20,25,35,40,55,35,5,315
Etie,High Priest,45,40,25,25,40,25,60,55,5,320
Etie,Sword Flier,50,50,5,35,45,25,40,35,5,290
Etie,Lance Flier,50,50,5,35,45,25,40,35,5,290
Etie,Axe Flier,50,50,5,35,45,25,40,35,5,290
Etie,Griffin Knight,45,50,15,40,55,25,45,40,5,320
Etie,Wyvern Knight,65,60,0,35,40,45,35,30,10,320
Etie,Thief,50,50,0,45,50,40,35,40,5,315
Boucheron,Sword Fighter,95,30,0,65,65,35,35,25,20,370
Boucheron,Swordmaster,95,30,0,65,65,35,35,30,20,375
Boucheron,Hero,100,35,0,60,60,35,30,30,20,370
Boucheron,Lance Fighter,95,30,5,70,50,45,25,15,20,355
Boucheron,Halberdier,95,35,5,70,55,50,25,20,20,375
Boucheron,Royal Knight,90,30,15,65,60,40,40,25,20,385
Boucheron,Axe Fighter,110,40,0,55,55,40,20,15,25,360
Boucheron,Berserker,115,50,0,55,55,40,20,15,30,380
Boucheron,Warrior,110,40,0,60,60,45,25,15,25,380
Boucheron,Archer,95,35,0,75,55,40,20,20,20,360
Boucheron,Sniper,100,35,0,80,55,45,20,25,20,380
Boucheron,Bow Knight,95,30,0,70,65,35,35,30,20,380
Boucheron,Sword Armor,105,35,0,60,45,65,20,15,25,370
Boucheron,Lance Armor,105,35,0,60,45,65,20,15,25,370
Boucheron,Axe Armor,105,35,0,60,45,65,20,15,25,370
Boucheron,General,110,40,0,60,45,65,20,15,30,385
Boucheron,Great Knight,105,35,0,65,45,60,30,20,25,385
Boucheron,Sword Cavalier,95,30,0,60,55,45,30,25,20,360
Boucheron,Lance Cavalier,95,30,0,60,55,45,30,25,20,360
Boucheron,Axe Cavalier,95,30,0,60,55,45,30,25,20,360
Boucheron,Paladin,100,35,0,60,60,50,35,25,20,385
Boucheron,Wolf Knight,95,25,0,65,65,40,40,35,20,385
Boucheron,Mage,85,20,25,55,45,35,45,20,20,350
Boucheron,Sage,85,20,30,55,45,35,50,30,20,370
Boucheron,Mage Knight,90,25,25,50,50,45,45,20,20,370
Boucheron,Martial Monk,85,30,25,50,45,45,40,25,20,365
Boucheron,Martial Master,90,30,20,50,45,50,45,25,20,375
Boucheron,High Priest,85,20,25,50,50,35,50,45,20,380
Boucheron,Sword Flier,90,30,5,60,55,35,30,25,20,350
Boucheron,Lance Flier,90,30,5,60,55,35,30,25,20,350
Boucheron,Axe Flier,90,30,5,60,55,35,30,25,20,350
Boucheron,Griffin Knight,85,30,15,65,65,35,35,30,20,380
Boucheron,Wyvern Knight,105,40,0,60,50,55,25,20,25,380
Boucheron,Thief,90,30,0,70,60,50,25,30,20,375
Celine,Noble (Celine),50,40,35,35,50,35,50,70,5,370
Celine,Vidame,55,45,40,35,50,35,55,70,5,390
Celine,Sword Fighter,60,45,25,45,65,30,55,60,5,390
Celine,Swordmaster,60,45,25,45,65,30,55,65,5,395
Celine,Hero,65,50,25,40,60,30,50,65,5,390
Celine,Lance Fighter,60,45,30,50,50,40,45,50,5,375
Celine,Halberdier,60,50,30,50,55,45,45,55,5,395
Celine,Royal Knight,55,45,40,45,60,35,60,60,5,405
Celine,Axe Fighter,75,55,25,35,55,35,40,50,10,380
Celine,Berserker,80,65,25,35,55,35,40,50,15,400
Celine,Warrior,75,55,25,40,60,40,45,50,10,400
Celine,Archer,60,50,25,55,55,35,40,55,5,380
Celine,Sniper,65,50,25,60,55,40,40,60,5,400
Celine,Bow Knight,60,45,25,50,65,30,55,65,5,400
Celine,Sword Armor,70,50,25,40,45,60,40,50,10,390
Celine,Lance Armor,70,50,25,40,45,60,40,50,10,390
Celine,Axe Armor,70,50,25,40,45,60,40,50,10,390
Celine,General,75,55,25,40,45,60,40,50,15,405
Celine,Great Knight,70,50,25,45,45,55,50,55,10,405
Celine,Sword Cavalier,60,45,25,40,55,40,50,60,5,380
Celine,Lance Cavalier,60,45,25,40,55,40,50,60,5,380
Celine,Axe Cavalier,60,45,25,40,55,40,50,60,5,380
Celine,Paladin,65,50,25,40,60,45,55,60,5,405
Celine,Wolf Knight,60,40,25,45,65,35,60,70,5,405
Celine,Mage,50,35,50,35,45,30,65,55,5,370
Celine,Sage,50,35,55,35,45,30,70,65,5,390
Celine,Mage Knight,55,40,50,30,50,40,65,55,5,390
Celine,Martial Monk,50,45,50,30,45,40,60,60,5,385
Celine,Martial Master,55,45,45,30,45,45,65,60,5,395
Celine,High Priest,50,35,50,30,50,30,70,80,5,400
Celine,Sword Flier,55,45,30,40,55,30,50,60,5,370
Celine,Lance Flier,55,45,30,40,55,30,50,60,5,370
Celine,Axe Flier,55,45,30,40,55,30,50,60,5,370
Celine,Griffin Knight,50,45,40,45,65,30,55,65,5,400
Celine,Wyvern Knight,70,55,25,40,50,50,45,55,10,400
Celine,Thief,55,45,25,50,60,45,45,65,5,395
Chloe,Sword Fighter,85,35,35,55,75,30,40,35,5,395
Chloe,Swordmaster,85,35,35,55,75,30,40,40,5,400
Chloe,Hero,90,40,35,50,70,30,35,40,5,395
Chloe,Lance Fighter,85,35,40,60,60,40,30,25,5,380
Chloe,Halberdier,85,40,40,60,65,45,30,30,5,400
Chloe,Royal Knight,80,35,50,55,70,35,45,35,5,410
Chloe,Axe Fighter,100,45,35,45,65,35,25,25,10,385
Chloe,Berserker,105,55,35,45,65,35,25,25,15,405
Chloe,Warrior,100,45,35,50,70,40,30,25,10,405
Chloe,Archer,85,40,35,65,65,35,25,30,5,385
Chloe,Sniper,90,40,35,70,65,40,25,35,5,405
Chloe,Bow Knight,85,35,35,60,75,30,40,40,5,405
Chloe,Sword Armor,95,40,35,50,55,60,25,25,10,395
Chloe,Lance Armor,95,40,35,50,55,60,25,25,10,395
Chloe,Axe Armor,95,40,35,50,55,60,25,25,10,395
Chloe,General,100,45,35,50,55,60,25,25,15,410
Chloe,Great Knight,95,40,35,55,55,55,35,30,10,410
Chloe,Sword Cavalier,85,35,35,50,65,40,35,35,5,385
Chloe,Lance Cavalier,85,35,35,50,65,40,35,35,5,385
Chloe,Axe Cavalier,85,35,35,50,65,40,35,35,5,385
Chloe,Paladin,90,40,35,50,70,45,40,35,5,410
Chloe,Wolf Knight,85,30,35,55,75,35,45,45,5,410
Chloe,Mage,75,25,60,45,55,30,50,30,5,375
Chloe,Sage,75,25,65,45,55,30,55,40,5,395
Chloe,Mage Knight,80,30,60,40,60,40,50,30,5,395
Chloe,Martial Monk,75,35,60,40,55,40,45,35,5,390
Chloe,Martial Master,80,35,55,40,55,45,50,35,5,400
Chloe,High Priest,75,25,60,40,60,30,55,55,5,405
Chloe,Sword Flier,80,35,40,50,65,30,35,35,5,375
Chloe,Lance Flier,80,35,40,50,65,30,35,35,5,375
Chloe,Axe Flier,80,35,40,50,65,30,35,35,5,375
Chloe,Griffin Knight,75,35,50,55,75,30,40,40,5,405
Chloe,Wyvern Knight,95,45,35,50,60,50,30,30,10,405
Chloe,Thief,80,35,35,60,70,45,30,40,5,400
Louis,Sword Fighter,85,50,0,40,45,50,35,35,15,355
Louis,Swordmaster,85,50,0,40,45,50,35,40,15,360
Louis,Hero,90,55,0,35,40,50,30,40,15,355
Louis,Lance Fighter,85,50,5,45,30,60,25,25,15,340
Louis,Halberdier,85,55,5,45,35,65,25,30,15,360
Louis,Royal Knight,80,50,15,40,40,55,40,35,15,370
Louis,Axe Fighter,100,60,0,30,35,55,20,25,20,345
Louis,Berserker,105,70,0,30,35,55,20,25,25,365
Louis,Warrior,100,60,0,35,40,60,25,25,20,365
Louis,Archer,85,55,0,50,35,55,20,30,15,345
Louis,Sniper,90,55,0,55,35,60,20,35,15,365
Louis,Bow Knight,85,50,0,45,45,50,35,40,15,365
Louis,Sword Armor,95,55,0,35,25,80,20,25,20,355
Louis,Lance Armor,95,55,0,35,25,80,20,25,20,355
Louis,Axe Armor,95,55,0,35,25,80,20,25,20,355
Louis,General,100,60,0,35,25,80,20,25,25,370
Louis,Great Knight,95,55,0,40,25,75,30,30,20,370
Louis,Sword Cavalier,85,50,0,35,35,60,30,35,15,345
Louis,Lance Cavalier,85,50,0,35,35,60,30,35,15,345
Louis,Axe Cavalier,85,50,0,35,35,60,30,35,15,345
Louis,Paladin,90,55,0,35,40,65,35,35,15,370
Louis,Wolf Knight,85,45,0,40,45,55,40,45,15,370
Louis,Mage,75,40,25,30,25,50,45,30,15,335
Louis,Sage,75,40,30,30,25,50,50,40,15,355
Louis,Mage Knight,80,45,25,25,30,60,45,30,15,355
Louis,Martial Monk,75,50,25,25,25,60,40,35,15,350
Louis,Martial Master,80,50,20,25,25,65,45,35,15,360
Louis,High Priest,75,40,25,25,30,50,50,55,15,365
Louis,Sword Flier,80,50,5,35,35,50,30,35,15,335
Louis,Lance Flier,80,50,5,35,35,50,30,35,15,335
Louis,Axe Flier,80,50,5,35,35,50,30,35,15,335
Louis,Griffin Knight,75,50,15,40,45,50,35,40,15,365
Louis,Wyvern Knight,95,60,0,35,30,70,25,30,20,365
Louis,Thief,80,50,0,45,40,65,25,40,15,360
Yunaka,Sword Fighter,60,45,25,55,65,15,60,35,5,365
Yunaka,Swordmaster,60,45,25,55,65,15,60,40,5,370
Yunaka,Hero,65,50,25,50,60,15,55,40,5,365
Yunaka,Lance Fighter,60,45,30,60,50,25,50,25,5,350
Yunaka,Halberdier,60,50,30,60,55,30,50,30,5,370
Yunaka,Royal Knight,55,45,40,55,60,20,65,35,5,380
Yunaka,Axe Fighter,75,55,25,45,55,20,45,25,10,355
Yunaka,Berserker,80,65,25,45,55,20,45,25,15,375
Yunaka,Warrior,75,55,25,50,60,25,50,25,10,375
Yunaka,Archer,60,50,25,65,55,20,45,30,5,355
Yunaka,Sniper,65,50,25,70,55,25,45,35,5,375
Yunaka,Bow Knight,60,45,25,60,65,15,60,40,5,375
Yunaka,Sword Armor,70,50,25,50,45,45,45,25,10,365
Yunaka,Lance Armor,70,50,25,50,45,45,45,25,10,365
Yunaka,Axe Armor,70,50,25,50,45,45,45,25,10,365
Yunaka,General,75,55,25,50,45,45,45,25,15,380
Yunaka,Great Knight,70,50,25,55,45,40,55,30,10,380
Yunaka,Sword Cavalier,60,45,25,50,55,25,55,35,5,355
Yunaka,Lance Cavalier,60,45,25,50,55,25,55,35,5,355
Yunaka,Axe Cavalier,60,45,25,50,55,25,55,35,5,355
Yunaka,Paladin,65,50,25,50,60,30,60,35,5,380
Yunaka,Wolf Knight,60,40,25,55,65,20,65,45,5,380
Yunaka,Mage,50,35,50,45,45,15,70,30,5,345
Yunaka,Sage,50,35,55,45,45,15,75,40,5,365
Yunaka,Mage Knight,55,40,50,40,50,25,70,30,5,365
Yunaka,Martial Monk,50,45,50,40,45,25,65,35,5,360
Yunaka,Martial Master,55,45,45,40,45,30,70,35,5,370
Yunaka,High Priest,50,35,50,40,50,15,75,55,5,375
Yunaka,Sword Flier,55,45,30,50,55,15,55,35,5,345
Yunaka,Lance Flier,55,45,30,50,55,15,55,35,5,345
Yunaka,Axe Flier,55,45,30,50,55,15,55,35,5,345
Yunaka,Griffin Knight,50,45,40,55,65,15,60,40,5,375
Yunaka,Wyvern Knight,70,55,25,50,50,35,50,30,10,375
Yunaka,Thief,55,45,25,60,60,30,50,40,5,370
Alcryst,Lord (Alcryst),75,40,10,65,55,40,20,20,10,335
Alcryst,Tireur d' Elite,75,40,10,70,55,45,25,20,10,350
Alcryst,Sword Fighter,75,40,10,55,65,30,35,25,10,345
Alcryst,Swordmaster,75,40,10,55,65,30,35,30,10,350
Alcryst,Hero,80,45,10,50,60,30,30,30,10,345
Alcryst,Lance Fighter,75,40,15,60,50,40,25,15,10,330
Alcryst,Halberdier,75,45,15,60,55,45,25,20,10,350
Alcryst,Royal Knight,70,40,25,55,60,35,40,25,10,360
Alcryst,Axe Fighter,90,50,10,45,55,35,20,15,15,335
Alcryst,Berserker,95,60,10,45,55,35,20,15,20,355
Alcryst,Warrior,90,50,10,50,60,40,25,15,15,355
Alcryst,Archer,75,45,10,65,55,35,20,20,10,335
Alcryst,Sniper,80,45,10,70,55,40,20,25,10,355
Alcryst,Bow Knight,75,40,10,60,65,30,35,30,10,355
Alcryst,Sword Armor,85,45,10,50,45,60,20,15,15,345
Alcryst,Lance Armor,85,45,10,50,45,60,20,15,15,345
Alcryst,Axe Armor,85,45,10,50,45,60,20,15,15,345
Alcryst,General,90,50,10,50,45,60,20,15,20,360
Alcryst,Great Knight,85,45,10,55,45,55,30,20,15,360
Alcryst,Sword Cavalier,75,40,10,50,55,40,30,25,10,335
Alcryst,Lance Cavalier,75,40,10,50,55,40,30,25,10,335
Alcryst,Axe Cavalier,75,40,10,50,55,40,30,25,10,335
Alcryst,Paladin,80,45,10,50,60,45,35,25,10,360
Alcryst,Wolf Knight,75,35,10,55,65,35,40,35,10,360
Alcryst,Mage,65,30,35,45,45,30,45,20,10,325
Alcryst,Sage,65,30,40,45,45,30,50,30,10,345
Alcryst,Mage Knight,70,35,35,40,50,40,45,20,10,345
Alcryst,Martial Monk,65,40,35,40,45,40,40,25,10,340
Alcryst,Martial Master,70,40,30,40,45,45,45,25,10,350
Alcryst,High Priest,65,30,35,40,50,30,50,45,10,355
Alcryst,Sword Flier,70,40,15,50,55,30,30,25,10,325
Alcryst,Lance Flier,70,40,15,50,55,30,30,25,10,325
Alcryst,Axe Flier,70,40,15,50,55,30,30,25,10,325
Alcryst,Griffin Knight,65,40,25,55,65,30,35,30,10,355
Alcryst,Wyvern Knight,85,50,10,50,50,50,25,20,15,355
Alcryst,Thief,70,40,10,60,60,45,25,30,10,350
Citrinne,Sword Fighter,55,20,40,40,50,20,55,35,5,320
Citrinne,Swordmaster,55,20,40,40,50,20,55,40,5,325
Citrinne,Hero,60,25,40,35,45,20,50,40,5,320
Citrinne,Lance Fighter,55,20,45,45,35,30,45,25,5,305
Citrinne,Halberdier,55,25,45,45,40,35,45,30,5,325
Citrinne,Royal Knight,50,20,55,40,45,25,60,35,5,335
Citrinne,Axe Fighter,70,30,40,30,40,25,40,25,10,310
Citrinne,Berserker,75,40,40,30,40,25,40,25,15,330
Citrinne,Warrior,70,30,40,35,45,30,45,25,10,330
Citrinne,Archer,55,25,40,50,40,25,40,30,5,310
Citrinne,Sniper,60,25,40,55,40,30,40,35,5,330
Citrinne,Bow Knight,55,20,40,45,50,20,55,40,5,330
Citrinne,Sword Armor,65,25,40,35,30,50,40,25,10,320
Citrinne,Lance Armor,65,25,40,35,30,50,40,25,10,320
Citrinne,Axe Armor,65,25,40,35,30,50,40,25,10,320
Citrinne,General,70,30,40,35,30,50,40,25,15,335
Citrinne,Great Knight,65,25,40,40,30,45,50,30,10,335
Citrinne,Sword Cavalier,55,20,40,35,40,30,50,35,5,310
Citrinne,Lance Cavalier,55,20,40,35,40,30,50,35,5,310
Citrinne,Axe Cavalier,55,20,40,35,40,30,50,35,5,310
Citrinne,Paladin,60,25,40,35,45,35,55,35,5,335
Citrinne,Wolf Knight,55,15,40,40,50,25,60,45,5,335
Citrinne,Mage,45,10,65,30,30,20,65,30,5,300
Citrinne,Sage,45,10,70,30,30,20,70,40,5,320
Citrinne,Mage Knight,50,15,65,25,35,30,65,30,5,320
Citrinne,Martial Monk,45,20,65,25,30,30,60,35,5,315
Citrinne,Martial Master,50,20,60,25,30,35,65,35,5,325
Citrinne,High Priest,45,10,65,25,35,20,70,55,5,330
Citrinne,Sword Flier,50,20,45,35,40,20,50,35,5,300
Citrinne,Lance Flier,50,20,45,35,40,20,50,35,5,300
Citrinne,Axe Flier,50,20,45,35,40,20,50,35,5,300
Citrinne,Griffin Knight,45,20,55,40,50,20,55,40,5,330
Citrinne,Wyvern Knight,65,30,40,35,35,40,45,30,10,330
Citrinne,Thief,50,20,40,45,45,35,45,40,5,325
Lapis,Sword Fighter,65,35,20,50,75,35,45,35,5,365
Lapis,Swordmaster,65,35,20,50,75,35,45,40,5,370
Lapis,Hero,70,40,20,45,70,35,40,40,5,365
Lapis,Lance Fighter,65,35,25,55,60,45,35,25,5,350
Lapis,Halberdier,65,40,25,55,65,50,35,30,5,370
Lapis,Royal Knight,60,35,35,50,70,40,50,35,5,380
Lapis,Axe Fighter,80,45,20,40,65,40,30,25,10,355
Lapis,Berserker,85,55,20,40,65,40,30,25,15,375
Lapis,Warrior,80,45,20,45,70,45,35,25,10,375
Lapis,Archer,65,40,20,60,65,40,30,30,5,355
Lapis,Sniper,70,40,20,65,65,45,30,35,5,375
Lapis,Bow Knight,65,35,20,55,75,35,45,40,5,375
Lapis,Sword Armor,75,40,20,45,55,65,30,25,10,365
Lapis,Lance Armor,75,40,20,45,55,65,30,25,10,365
Lapis,Axe Armor,75,40,20,45,55,65,30,25,10,365
Lapis,General,80,45,20,45,55,65,30,25,15,380
Lapis,Great Knight,75,40,20,50,55,60,40,30,10,380
Lapis,Sword Cavalier,65,35,20,45,65,45,40,35,5,355
Lapis,Lance Cavalier,65,35,20,45,65,45,40,35,5,355
Lapis,Axe Cavalier,65,35,20,45,65,45,40,35,5,355
Lapis,Paladin,70,40,20,45,70,50,45,35,5,380
Lapis,Wolf Knight,65,30,20,50,75,40,50,45,5,380
Lapis,Mage,55,25,45,40,55,35,55,30,5,345
Lapis,Sage,55,25,50,40,55,35,60,40,5,365
Lapis,Mage Knight,60,30,45,35,60,45,55,30,5,365
Lapis,Martial Monk,55,35,45,35,55,45,50,35,5,360
Lapis,Martial Master,60,35,40,35,55,50,55,35,5,370
Lapis,High Priest,55,25,45,35,60,35,60,55,5,375
Lapis,Sword Flier,60,35,25,45,65,35,40,35,5,345
Lapis,Lance Flier,60,35,25,45,65,35,40,35,5,345
Lapis,Axe Flier,60,35,25,45,65,35,40,35,5,345
Lapis,Griffin Knight,55,35,35,50,75,35,45,40,5,375
Lapis,Wyvern Knight,75,45,20,45,60,55,35,30,10,375
Lapis,Thief,60,35,20,55,70,50,35,40,5,370
Diamant,Lord (Diamant),90,50,15,30,50,50,25,25,15,350
Diamant,Successeur,90,50,15,30,55,55,25,30,20,370
Diamant,Sword Fighter,85,40,15,35,60,40,40,30,15,360
Diamant,Swordmaster,85,40,15,35,60,40,40,35,15,365
Diamant,Hero,90,45,15,30,55,40,35,35,15,360
Diamant,Lance Fighter,85,40,20,40,45,50,30,20,15,345
Diamant,Halberdier,85,45,20,40,50,55,30,25,15,365
Diamant,Royal Knight,80,40,30,35,55,45,45,30,15,375
Diamant,Axe Fighter,100,50,15,25,50,45,25,20,20,350
Diamant,Berserker,105,60,15,25,50,45,25,20,25,370
Diamant,Warrior,100,50,15,30,55,50,30,20,20,370
Diamant,Archer,85,45,15,45,50,45,25,25,15,350
Diamant,Sniper,90,45,15,50,50,50,25,30,15,370
Diamant,Bow Knight,85,40,15,40,60,40,40,35,15,370
Diamant,Sword Armor,95,45,15,30,40,70,25,20,20,360
Diamant,Lance Armor,95,45,15,30,40,70,25,20,20,360
Diamant,Axe Armor,95,45,15,30,40,70,25,20,20,360
Diamant,General,100,50,15,30,40,70,25,20,25,375
Diamant,Great Knight,95,45,15,35,40,65,35,25,20,375
Diamant,Sword Cavalier,85,40,15,30,50,50,35,30,15,350
Diamant,Lance Cavalier,85,40,15,30,50,50,35,30,15,350
Diamant,Axe Cavalier,85,40,15,30,50,50,35,30,15,350
Diamant,Paladin,90,45,15,30,55,55,40,30,15,375
Diamant,Wolf Knight,85,35,15,35,60,45,45,40,15,375
Diamant,Mage,75,30,40,25,40,40,50,25,15,340
Diamant,Sage,75,30,45,25,40,40,55,35,15,360
Diamant,Mage Knight,80,35,40,20,45,50,50,25,15,360
Diamant,Martial Monk,75,40,40,20,40,50,45,30,15,355
Diamant,Martial Master,80,40,35,20,40,55,50,30,15,365
Diamant,High Priest,75,30,40,20,45,40,55,50,15,370
Diamant,Sword Flier,80,40,20,30,50,40,35,30,15,340
Diamant,Lance Flier,80,40,20,30,50,40,35,30,15,340
Diamant,Axe Flier,80,40,20,30,50,40,35,30,15,340
Diamant,Griffin Knight,75,40,30,35,60,40,40,35,15,370
Diamant,Wyvern Knight,95,50,15,30,45,60,30,25,20,370
Diamant,Thief,80,40,15,40,55,55,30,35,15,365
Amber,Sword Fighter,75,55,0,40,50,35,20,45,15,335
Amber,Swordmaster,75,55,0,40,50,35,20,50,15,340
Amber,Hero,80,60,0,35,45,35,15,50,15,335
Amber,Lance Fighter,75,55,5,45,35,45,10,35,15,320
Amber,Halberdier,75,60,5,45,40,50,10,40,15,340
Amber,Royal Knight,70,55,15,40,45,40,25,45,15,350
Amber,Axe Fighter,90,65,0,30,40,40,5,35,20,325
Amber,Berserker,95,75,0,30,40,40,5,35,25,345
Amber,Warrior,90,65,0,35,45,45,10,35,20,345
Amber,Archer,75,60,0,50,40,40,5,40,15,325
Amber,Sniper,80,60,0,55,40,45,5,45,15,345
Amber,Bow Knight,75,55,0,45,50,35,20,50,15,345
Amber,Sword Armor,85,60,0,35,30,65,5,35,20,335
Amber,Lance Armor,85,60,0,35,30,65,5,35,20,335
Amber,Axe Armor,85,60,0,35,30,65,5,35,20,335
Amber,General,90,65,0,35,30,65,5,35,25,350
Amber,Great Knight,85,60,0,40,30,60,15,40,20,350
Amber,Sword Cavalier,75,55,0,35,40,45,15,45,15,325
Amber,Lance Cavalier,75,55,0,35,40,45,15,45,15,325
Amber,Axe Cavalier,75,55,0,35,40,45,15,45,15,325
Amber,Paladin,80,60,0,35,45,50,20,45,15,350
Amber,Wolf Knight,75,50,0,40,50,40,25,55,15,350
Amber,Mage,65,45,25,30,30,35,30,40,15,315
Amber,Sage,65,45,30,30,30,35,35,50,15,335
Amber,Mage Knight,70,50,25,25,35,45,30,40,15,335
Amber,Martial Monk,65,55,25,25,30,45,25,45,15,330
Amber,Martial Master,70,55,20,25,30,50,30,45,15,340
Amber,High Priest,65,45,25,25,35,35,35,65,15,345
Amber,Sword Flier,70,55,5,35,40,35,15,45,15,315
Amber,Lance Flier,70,55,5,35,40,35,15,45,15,315
Amber,Axe Flier,70,55,5,35,40,35,15,45,15,315
Amber,Griffin Knight,65,55,15,40,50,35,20,50,15,345
Amber,Wyvern Knight,85,65,0,35,35,55,10,40,20,345
Amber,Thief,70,55,0,45,45,50,10,50,15,340
Jade,Sword Fighter,65,45,25,50,50,40,45,30,10,360
Jade,Swordmaster,65,45,25,50,50,40,45,35,10,365
Jade,Hero,70,50,25,45,45,40,40,35,10,360
Jade,Lance Fighter,65,45,30,55,35,50,35,20,10,345
Jade,Halberdier,65,50,30,55,40,55,35,25,10,365
Jade,Royal Knight,60,45,40,50,45,45,50,30,10,375
Jade,Axe Fighter,80,55,25,40,40,45,30,20,15,350
Jade,Berserker,85,65,25,40,40,45,30,20,20,370
Jade,Warrior,80,55,25,45,45,50,35,20,15,370
Jade,Archer,65,50,25,60,40,45,30,25,10,350
Jade,Sniper,70,50,25,65,40,50,30,30,10,370
Jade,Bow Knight,65,45,25,55,50,40,45,35,10,370
Jade,Sword Armor,75,50,25,45,30,70,30,20,15,360
Jade,Lance Armor,75,50,25,45,30,70,30,20,15,360
Jade,Axe Armor,75,50,25,45,30,70,30,20,15,360
Jade,General,80,55,25,45,30,70,30,20,20,375
Jade,Great Knight,75,50,25,50,30,65,40,25,15,375
Jade,Sword Cavalier,65,45,25,45,40,50,40,30,10,350
Jade,Lance Cavalier,65,45,25,45,40,50,40,30,10,350
Jade,Axe Cavalier,65,45,25,45,40,50,40,30,10,350
Jade,Paladin,70,50,25,45,45,55,45,30,10,375
Jade,Wolf Knight,65,40,25,50,50,45,50,40,10,375
Jade,Mage,55,35,50,40,30,40,55,25,10,340
Jade,Sage,55,35,55,40,30,40,60,35,10,360
Jade,Mage Knight,60,40,50,35,35,50,55,25,10,360
Jade,Martial Monk,55,45,50,35,30,50,50,30,10,355
Jade,Martial Master,60,45,45,35,30,55,55,30,10,365
Jade,High Priest,55,35,50,35,35,40,60,50,10,370
Jade,Sword Flier,60,45,30,45,40,40,40,30,10,340
Jade,Lance Flier,60,45,30,45,40,40,40,30,10,340
Jade,Axe Flier,60,45,30,45,40,40,40,30,10,340
Jade,Griffin Knight,55,45,40,50,50,40,45,35,10,370
Jade,Wyvern Knight,75,55,25,45,35,60,35,25,15,370
Jade,Thief,60,45,25,55,45,55,35,35,10,365
Ivy,Wing Tamer (Ivy),60,25,50,25,40,40,55,15,10,320
Ivy,Lindwurm,60,25,55,30,40,45,60,15,10,340
Ivy,Sword Fighter,65,35,30,40,60,30,50,25,10,345
Ivy,Swordmaster,65,35,30,40,60,30,50,30,10,350
Ivy,Hero,70,40,30,35,55,30,45,30,10,345
Ivy,Lance Fighter,65,35,35,45,45,40,40,15,10,330
Ivy,Halberdier,65,40,35,45,50,45,40,20,10,350
Ivy,Royal Knight,60,35,45,40,55,35,55,25,10,360
Ivy,Axe Fighter,80,45,30,30,50,35,35,15,15,335
Ivy,Berserker,85,55,30,30,50,35,35,15,20,355
Ivy,Warrior,80,45,30,35,55,40,40,15,15,355
Ivy,Archer,65,40,30,50,50,35,35,20,10,335
Ivy,Sniper,70,40,30,55,50,40,35,25,10,355
Ivy,Bow Knight,65,35,30,45,60,30,50,30,10,355
Ivy,Sword Armor,75,40,30,35,40,60,35,15,15,345
Ivy,Lance Armor,75,40,30,35,40,60,35,15,15,345
Ivy,Axe Armor,75,40,30,35,40,60,35,15,15,345
Ivy,General,80,45,30,35,40,60,35,15,20,360
Ivy,Great Knight,75,40,30,40,40,55,45,20,15,360
Ivy,Sword Cavalier,65,35,30,35,50,40,45,25,10,335
Ivy,Lance Cavalier,65,35,30,35,50,40,45,25,10,335
Ivy,Axe Cavalier,65,35,30,35,50,40,45,25,10,335
Ivy,Paladin,70,40,30,35,55,45,50,25,10,360
Ivy,Wolf Knight,65,30,30,40,60,35,55,35,10,360
Ivy,Mage,55,25,55,30,40,30,60,20,10,325
Ivy,Sage,55,25,60,30,40,30,65,30,10,345
Ivy,Mage Knight,60,30,55,25,45,40,60,20,10,345
Ivy,Martial Monk,55,35,55,25,40,40,55,25,10,340
Ivy,Martial Master,60,35,50,25,40,45,60,25,10,350
Ivy,High Priest,55,25,55,25,45,30,65,45,10,355
Ivy,Sword Flier,60,35,35,35,50,30,45,25,10,325
Ivy,Lance Flier,60,35,35,35,50,30,45,25,10,325
Ivy,Axe Flier,60,35,35,35,50,30,45,25,10,325
Ivy,Griffin Knight,55,35,45,40,60,30,50,30,10,355
Ivy,Wyvern Knight,75,45,30,35,45,50,40,20,15,355
Ivy,Thief,60,35,30,45,55,45,40,30,10,350
Kagetsu,Sword Fighter,70,40,15,65,70,40,40,50,10,400
Kagetsu,Swordmaster,70,40,15,65,70,40,40,55,10,405
Kagetsu,Hero,75,45,15,60,65,40,35,55,10,400
Kagetsu,Lance Fighter,70,40,20,70,55,50,30,40,10,385
Kagetsu,Halberdier,70,45,20,70,60,55,30,45,10,405
Kagetsu,Royal Knight,65,40,30,65,65,45,45,50,10,415
Kagetsu,Axe Fighter,85,50,15,55,60,45,25,40,15,390
Kagetsu,Berserker,90,60,15,55,60,45,25,40,20,410
Kagetsu,Warrior,85,50,15,60,65,50,30,40,15,410
Kagetsu,Archer,70,45,15,75,60,45,25,45,10,390
Kagetsu,Sniper,75,45,15,80,60,50,25,50,10,410
Kagetsu,Bow Knight,70,40,15,70,70,40,40,55,10,410
Kagetsu,Sword Armor,80,45,15,60,50,70,25,40,15,400
Kagetsu,Lance Armor,80,45,15,60,50,70,25,40,15,400
Kagetsu,Axe Armor,80,45,15,60,50,70,25,40,15,400
Kagetsu,General,85,50,15,60,50,70,25,40,20,415
Kagetsu,Great Knight,80,45,15,65,50,65,35,45,15,415
Kagetsu,Sword Cavalier,70,40,15,60,60,50,35,50,10,390
Kagetsu,Lance Cavalier,70,40,15,60,60,50,35,50,10,390
Kagetsu,Axe Cavalier,70,40,15,60,60,50,35,50,10,390
Kagetsu,Paladin,75,45,15,60,65,55,40,50,10,415
Kagetsu,Wolf Knight,70,35,15,65,70,45,45,60,10,415
Kagetsu,Mage,60,30,40,55,50,40,50,45,10,380
Kagetsu,Sage,60,30,45,55,50,40,55,55,10,400
Kagetsu,Mage Knight,65,35,40,50,55,50,50,45,10,400
Kagetsu,Martial Monk,60,40,40,50,50,50,45,50,10,395
Kagetsu,Martial Master,65,40,35,50,50,55,50,50,10,405
Kagetsu,High Priest,60,30,40,50,55,40,55,70,10,410
Kagetsu,Sword Flier,65,40,20,60,60,40,35,50,10,380
Kagetsu,Lance Flier,65,40,20,60,60,40,35,50,10,380
Kagetsu,Axe Flier,65,40,20,60,60,40,35,50,10,380
Kagetsu,Griffin Knight,60,40,30,65,70,40,40,55,10,410
Kagetsu,Wyvern Knight,80,50,15,60,55,60,30,45,15,410
Kagetsu,Thief,65,40,15,70,65,55,30,55,10,405
Zelkov,Sword Fighter,75,45,15,55,55,35,30,35,10,355
Zelkov,Swordmaster,75,45,15,55,55,35,30,40,10,360
Zelkov,Hero,80,50,15,50,50,35,25,40,10,355
Zelkov,Lance Fighter,75,45,20,60,40,45,20,25,10,340
Zelkov,Halberdier,75,50,20,60,45,50,20,30,10,360
Zelkov,Royal Knight,70,45,30,55,50,40,35,35,10,370
Zelkov,Axe Fighter,90,55,15,45,45,40,15,25,15,345
Zelkov,Berserker,95,65,15,45,45,40,15,25,20,365
Zelkov,Warrior,90,55,15,50,50,45,20,25,15,365
Zelkov,Archer,75,50,15,65,45,40,15,30,10,345
Zelkov,Sniper,80,50,15,70,45,45,15,35,10,365
Zelkov,Bow Knight,75,45,15,60,55,35,30,40,10,365
Zelkov,Sword Armor,85,50,15,50,35,65,15,25,15,355
Zelkov,Lance Armor,85,50,15,50,35,65,15,25,15,355
Zelkov,Axe Armor,85,50,15,50,35,65,15,25,15,355
Zelkov,General,90,55,15,50,35,65,15,25,20,370
Zelkov,Great Knight,85,50,15,55,35,60,25,30,15,370
Zelkov,Sword Cavalier,75,45,15,50,45,45,25,35,10,345
Zelkov,Lance Cavalier,75,45,15,50,45,45,25,35,10,345
Zelkov,Axe Cavalier,75,45,15,50,45,45,25,35,10,345
Zelkov,Paladin,80,50,15,50,50,50,30,35,10,370
Zelkov,Wolf Knight,75,40,15,55,55,40,35,45,10,370
Zelkov,Mage,65,35,40,45,35,35,40,30,10,335
Zelkov,Sage,65,35,45,45,35,35,45,40,10,355
Zelkov,Mage Knight,70,40,40,40,40,45,40,30,10,355
Zelkov,Martial Monk,65,45,40,40,35,45,35,35,10,350
Zelkov,Martial Master,70,45,35,40,35,50,40,35,10,360
Zelkov,High Priest,65,35,40,40,40,35,45,55,10,365
Zelkov,Sword Flier,70,45,20,50,45,35,25,35,10,335
Zelkov,Lance Flier,70,45,20,50,45,35,25,35,10,335
Zelkov,Axe Flier,70,45,20,50,45,35,25,35,10,335
Zelkov,Griffin Knight,65,45,30,55,55,35,30,40,10,365
Zelkov,Wyvern Knight,85,55,15,50,40,55,20,30,15,365
Zelkov,Thief,70,45,15,60,50,50,20,40,10,360
Fogado,Sentinel (Fogado),70,35,25,45,70,35,50,25,10,365
Fogado,Cupido,70,35,30,50,75,35,55,25,10,385
Fogado,Sword Fighter,70,40,25,45,75,30,50,35,10,380
Fogado,Swordmaster,70,40,25,45,75,30,50,40,10,385
Fogado,Hero,75,45,25,40,70,30,45,40,10,380
Fogado,Lance Fighter,70,40,30,50,60,40,40,25,10,365
Fogado,Halberdier,70,45,30,50,65,45,40,30,10,385
Fogado,Royal Knight,65,40,40,45,70,35,55,35,10,395
Fogado,Axe Fighter,85,50,25,35,65,35,35,25,15,370
Fogado,Berserker,90,60,25,35,65,35,35,25,20,390
Fogado,Warrior,85,50,25,40,70,40,40,25,15,390
Fogado,Archer,70,45,25,55,65,35,35,30,10,370
Fogado,Sniper,75,45,25,60,65,40,35,35,10,390
Fogado,Bow Knight,70,40,25,50,75,30,50,40,10,390
Fogado,Sword Armor,80,45,25,40,55,60,35,25,15,380
Fogado,Lance Armor,80,45,25,40,55,60,35,25,15,380
Fogado,Axe Armor,80,45,25,40,55,60,35,25,15,380
Fogado,General,85,50,25,40,55,60,35,25,20,395
Fogado,Great Knight,80,45,25,45,55,55,45,30,15,395
Fogado,Sword Cavalier,70,40,25,40,65,40,45,35,10,370
Fogado,Lance Cavalier,70,40,25,40,65,40,45,35,10,370
Fogado,Axe Cavalier,70,40,25,40,65,40,45,35,10,370
Fogado,Paladin,75,45,25,40,70,45,50,35,10,395
Fogado,Wolf Knight,70,35,25,45,75,35,55,45,10,395
Fogado,Mage,60,30,50,35,55,30,60,30,10,360
Fogado,Sage,60,30,55,35,55,30,65,40,10,380
Fogado,Mage Knight,65,35,50,30,60,40,60,30,10,380
Fogado,Martial Monk,60,40,50,30,55,40,55,35,10,375
Fogado,Martial Master,65,40,45,30,55,45,60,35,10,385
Fogado,High Priest,60,30,50,30,60,30,65,55,10,390
Fogado,Sword Flier,65,40,30,40,65,30,45,35,10,360
Fogado,Lance Flier,65,40,30,40,65,30,45,35,10,360
Fogado,Axe Flier,65,40,30,40,65,30,45,35,10,360
Fogado,Griffin Knight,60,40,40,45,75,30,50,40,10,390
Fogado,Wyvern Knight,80,50,25,40,60,50,40,30,15,390
Fogado,Thief,65,40,25,50,70,45,40,40,10,385
Pandreo,Sword Fighter,70,15,30,60,65,15,70,40,15,380
Pandreo,Swordmaster,70,15,30,60,65,15,70,45,15,385
Pandreo,Hero,75,20,30,55,60,15,65,45,15,380
Pandreo,Lance Fighter,70,15,35,65,50,25,60,30,15,365
Pandreo,Halberdier,70,20,35,65,55,30,60,35,15,385
Pandreo,Royal Knight,65,15,45,60,60,20,75,40,15,395
Pandreo,Axe Fighter,85,25,30,50,55,20,55,30,20,370
Pandreo,Berserker,90,35,30,50,55,20,55,30,25,390
Pandreo,Warrior,85,25,30,55,60,25,60,30,20,390
Pandreo,Archer,70,20,30,70,55,20,55,35,15,370
Pandreo,Sniper,75,20,30,75,55,25,55,40,15,390
Pandreo,Bow Knight,70,15,30,65,65,15,70,45,15,390
Pandreo,Sword Armor,80,20,30,55,45,45,55,30,20,380
Pandreo,Lance Armor,80,20,30,55,45,45,55,30,20,380
Pandreo,Axe Armor,80,20,30,55,45,45,55,30,20,380
Pandreo,General,85,25,30,55,45,45,55,30,25,395
Pandreo,Great Knight,80,20,30,60,45,40,65,35,20,395
Pandreo,Sword Cavalier,70,15,30,55,55,25,65,40,15,370
Pandreo,Lance Cavalier,70,15,30,55,55,25,65,40,15,370
Pandreo,Axe Cavalier,70,15,30,55,55,25,65,40,15,370
Pandreo,Paladin,75,20,30,55,60,30,70,40,15,395
Pandreo,Wolf Knight,70,10,30,60,65,20,75,50,15,395
Pandreo,Mage,60,5,55,50,45,15,80,35,15,360
Pandreo,Sage,60,5,60,50,45,15,85,45,15,380
Pandreo,Mage Knight,65,10,55,45,50,25,80,35,15,380
Pandreo,Martial Monk,60,15,55,45,45,25,75,40,15,375
Pandreo,Martial Master,65,15,50,45,45,30,80,40,15,385
Pandreo,High Priest,60,5,55,45,50,15,85,60,15,390
Pandreo,Sword Flier,65,15,35,55,55,15,65,40,15,360
Pandreo,Lance Flier,65,15,35,55,55,15,65,40,15,360
Pandreo,Axe Flier,65,15,35,55,55,15,65,40,15,360
Pandreo,Griffin Knight,60,15,45,60,65,15,70,45,15,390
Pandreo,Wyvern Knight,80,25,30,55,50,35,60,35,20,390
Pandreo,Thief,65,15,30,65,60,30,60,45,15,385
Bunet,Sword Fighter,75,40,10,55,55,45,40,50,10,380
Bunet,Swordmaster,75,40,10,55,55,45,40,55,10,385
Bunet,Hero,80,45,10,50,50,45,35,55,10,380
Bunet,Lance Fighter,75,40,15,60,40,55,30,40,10,365
Bunet,Halberdier,75,45,15,60,45,60,30,45,10,385
Bunet,Royal Knight,70,40,25,55,50,50,45,50,10,395
Bunet,Axe Fighter,90,50,10,45,45,50,25,40,15,370
Bunet,Berserker,95,60,10,45,45,50,25,40,20,390
Bunet,Warrior,90,50,10,50,50,55,30,40,15,390
Bunet,Archer,75,45,10,65,45,50,25,45,10,370
Bunet,Sniper,80,45,10,70,45,55,25,50,10,390
Bunet,Bow Knight,75,40,10,60,55,45,40,55,10,390
Bunet,Sword Armor,85,45,10,50,35,75,25,40,15,380
Bunet,Lance Armor,85,45,10,50,35,75,25,40,15,380
Bunet,Axe Armor,85,45,10,50,35,75,25,40,15,380
Bunet,General,90,50,10,50,35,75,25,40,20,395
Bunet,Great Knight,85,45,10,55,35,70,35,45,15,395
Bunet,Sword Cavalier,75,40,10,50,45,55,35,50,10,370
Bunet,Lance Cavalier,75,40,10,50,45,55,35,50,10,370
Bunet,Axe Cavalier,75,40,10,50,45,55,35,50,10,370
Bunet,Paladin,80,45,10,50,50,60,40,50,10,395
Bunet,Wolf Knight,75,35,10,55,55,50,45,60,10,395
Bunet,Mage,65,30,35,45,35,45,50,45,10,360
Bunet,Sage,65,30,40,45,35,45,55,55,10,380
Bunet,Mage Knight,70,35,35,40,40,55,50,45,10,380
Bunet,Martial Monk,65,40,35,40,35,55,45,50,10,375
Bunet,Martial Master,70,40,30,40,35,60,50,50,10,385
Bunet,High Priest,65,30,35,40,40,45,55,70,10,390
Bunet,Sword Flier,70,40,15,50,45,45,35,50,10,360
Bunet,Lance Flier,70,40,15,50,45,45,35,50,10,360
Bunet,Axe Flier,70,40,15,50,45,45,35,50,10,360
Bunet,Griffin Knight,65,40,25,55,55,45,40,55,10,390
Bunet,Wyvern Knight,85,50,10,50,40,65,30,45,15,390
Bunet,Thief,70,40,10,60,50,60,30,55,10,385
Timerra,Sentinel (Timerra),65,35,25,55,50,50,30,35,10,355
Timerra,Picket,65,40,25,55,55,50,35,35,15,375
Timerra,Sword Fighter,65,35,25,60,65,30,45,40,10,375
Timerra,Swordmaster,65,35,25,60,65,30,45,45,10,380
Timerra,Hero,70,40,25,55,60,30,40,45,10,375
Timerra,Lance Fighter,65,35,30,65,50,40,35,30,10,360
Timerra,Halberdier,65,40,30,65,55,45,35,35,10,380
Timerra,Royal Knight,60,35,40,60,60,35,50,40,10,390
Timerra,Axe Fighter,80,45,25,50,55,35,30,30,15,365
Timerra,Berserker,85,55,25,50,55,35,30,30,20,385
Timerra,Warrior,80,45,25,55,60,40,35,30,15,385
Timerra,Archer,65,40,25,70,55,35,30,35,10,365
Timerra,Sniper,70,40,25,75,55,40,30,40,10,385
Timerra,Bow Knight,65,35,25,65,65,30,45,45,10,385
Timerra,Sword Armor,75,40,25,55,45,60,30,30,15,375
Timerra,Lance Armor,75,40,25,55,45,60,30,30,15,375
Timerra,Axe Armor,75,40,25,55,45,60,30,30,15,375
Timerra,General,80,45,25,55,45,60,30,30,20,390
Timerra,Great Knight,75,40,25,60,45,55,40,35,15,390
Timerra,Sword Cavalier,65,35,25,55,55,40,40,40,10,365
Timerra,Lance Cavalier,65,35,25,55,55,40,40,40,10,365
Timerra,Axe Cavalier,65,35,25,55,55,40,40,40,10,365
Timerra,Paladin,70,40,25,55,60,45,45,40,10,390
Timerra,Wolf Knight,65,30,25,60,65,35,50,50,10,390
Timerra,Mage,55,25,50,50,45,30,55,35,10,355
Timerra,Sage,55,25,55,50,45,30,60,45,10,375
Timerra,Mage Knight,60,30,50,45,50,40,55,35,10,375
Timerra,Martial Monk,55,35,50,45,45,40,50,40,10,370
Timerra,Martial Master,60,35,45,45,45,45,55,40,10,380
Timerra,High Priest,55,25,50,45,50,30,60,60,10,385
Timerra,Sword Flier,60,35,30,55,55,30,40,40,10,355
Timerra,Lance Flier,60,35,30,55,55,30,40,40,10,355
Timerra,Axe Flier,60,35,30,55,55,30,40,40,10,355
Timerra,Griffin Knight,55,35,40,60,65,30,45,45,10,385
Timerra,Wyvern Knight,75,45,25,55,50,50,35,35,15,385
Timerra,Thief,60,35,25,65,60,45,35,45,10,380
Panette,Sword Fighter,85,55,10,55,45,30,30,30,15,355
Panette,Swordmaster,85,55,10,55,45,30,30,35,15,360
Panette,Hero,90,60,10,50,40,30,25,35,15,355
Panette,Lance Fighter,85,55,15,60,30,40,20,20,15,340
Panette,Halberdier,85,60,15,60,35,45,20,25,15,360
Panette,Royal Knight,80,55,25,55,40,35,35,30,15,370
Panette,Axe Fighter,100,65,10,45,35,35,15,20,20,345
Panette,Berserker,105,75,10,45,35,35,15,20,25,365
Panette,Warrior,100,65,10,50,40,40,20,20,20,365
Panette,Archer,85,60,10,65,35,35,15,25,15,345
Panette,Sniper,90,60,10,70,35,40,15,30,15,365
Panette,Bow Knight,85,55,10,60,45,30,30,35,15,365
Panette,Sword Armor,95,60,10,50,25,60,15,20,20,355
Panette,Lance Armor,95,60,10,50,25,60,15,20,20,355
Panette,Axe Armor,95,60,10,50,25,60,15,20,20,355
Panette,General,100,65,10,50,25,60,15,20,25,370
Panette,Great Knight,95,60,10,55,25,55,25,25,20,370
Panette,Sword Cavalier,85,55,10,50,35,40,25,30,15,345
Panette,Lance Cavalier,85,55,10,50,35,40,25,30,15,345
Panette,Axe Cavalier,85,55,10,50,35,40,25,30,15,345
Panette,Paladin,90,60,10,50,40,45,30,30,15,370
Panette,Wolf Knight,85,50,10,55,45,35,35,40,15,370
Panette,Mage,75,45,35,45,25,30,40,25,15,335
Panette,Sage,75,45,40,45,25,30,45,35,15,355
Panette,Mage Knight,80,50,35,40,30,40,40,25,15,355
Panette,Martial Monk,75,55,35,40,25,40,35,30,15,350
Panette,Martial Master,80,55,30,40,25,45,40,30,15,360
Panette,High Priest,75,45,35,40,30,30,45,50,15,365
Panette,Sword Flier,80,55,15,50,35,30,25,30,15,335
Panette,Lance Flier,80,55,15,50,35,30,25,30,15,335
Panette,Axe Flier,80,55,15,50,35,30,25,30,15,335
Panette,Griffin Knight,75,55,25,55,45,30,30,35,15,365
Panette,Wyvern Knight,95,65,10,50,30,50,20,25,20,365
Panette,Thief,80,55,10,60,40,45,20,35,15,360
Merrin,Sword Fighter,65,35,25,55,70,30,45,35,10,370
Merrin,Swordmaster,65,35,25,55,70,30,45,40,10,375
Merrin,Hero,70,40,25,50,65,30,40,40,10,370
Merrin,Lance Fighter,65,35,30,60,55,40,35,25,10,355
Merrin,Halberdier,65,40,30,60,60,45,35,30,10,375
Merrin,Royal Knight,60,35,40,55,65,35,50,35,10,385
Merrin,Axe Fighter,80,45,25,45,60,35,30,25,15,360
Merrin,Berserker,85,55,25,45,60,35,30,25,20,380
Merrin,Warrior,80,45,25,50,65,40,35,25,15,380
Merrin,Archer,65,40,25,65,60,35,30,30,10,360
Merrin,Sniper,70,40,25,70,60,40,30,35,10,380
Merrin,Bow Knight,65,35,25,60,70,30,45,40,10,380
Merrin,Sword Armor,75,40,25,50,50,60,30,25,15,370
Merrin,Lance Armor,75,40,25,50,50,60,30,25,15,370
Merrin,Axe Armor,75,40,25,50,50,60,30,25,15,370
Merrin,General,80,45,25,50,50,60,30,25,20,385
Merrin,Great Knight,75,40,25,55,50,55,40,30,15,385
Merrin,Sword Cavalier,65,35,25,50,60,40,40,35,10,360
Merrin,Lance Cavalier,65,35,25,50,60,40,40,35,10,360
Merrin,Axe Cavalier,65,35,25,50,60,40,40,35,10,360
Merrin,Paladin,70,40,25,50,65,45,45,35,10,385
Merrin,Wolf Knight,65,30,25,55,70,35,50,45,10,385
Merrin,Mage,55,25,50,45,50,30,55,30,10,350
Merrin,Sage,55,25,55,45,50,30,60,40,10,370
Merrin,Mage Knight,60,30,50,40,55,40,55,30,10,370
Merrin,Martial Monk,55,35,50,40,50,40,50,35,10,365
Merrin,Martial Master,60,35,45,40,50,45,55,35,10,375
Merrin,High Priest,55,25,50,40,55,30,60,55,10,380
Merrin,Sword Flier,60,35,30,50,60,30,40,35,10,350
Merrin,Lance Flier,60,35,30,50,60,30,40,35,10,350
Merrin,Axe Flier,60,35,30,50,60,30,40,35,10,350
Merrin,Griffin Knight,55,35,40,55,70,30,45,40,10,380
Merrin,Wyvern Knight,75,45,25,50,55,50,35,30,15,380
Merrin,Thief,60,35,25,60,65,45,35,40,10,375
Hortensia,Wing Tamer (Hortensia),40,20,35,45,60,25,80,60,0,365
Hortensia,Sleipnir Rider,40,20,40,50,65,25,85,65,0,390
Hortensia,Sword Fighter,50,30,20,50,70,25,70,60,0,375
Hortensia,Swordmaster,50,30,20,50,70,25,70,65,0,380
Hortensia,Hero,55,35,20,45,65,25,65,65,0,375
Hortensia,Lance Fighter,50,30,25,55,55,35,60,50,0,360
Hortensia,Halberdier,50,35,25,55,60,40,60,55,0,380
Hortensia,Royal Knight,45,30,35,50,65,30,75,60,0,390
Hortensia,Axe Fighter,65,40,20,40,60,30,55,50,5,365
Hortensia,Berserker,70,50,20,40,60,30,55,50,10,385
Hortensia,Warrior,65,40,20,45,65,35,60,50,5,385
Hortensia,Archer,50,35,20,60,60,30,55,55,0,365
Hortensia,Sniper,55,35,20,65,60,35,55,60,0,385
Hortensia,Bow Knight,50,30,20,55,70,25,70,65,0,385
Hortensia,Sword Armor,60,35,20,45,50,55,55,50,5,375
Hortensia,Lance Armor,60,35,20,45,50,55,55,50,5,375
Hortensia,Axe Armor,60,35,20,45,50,55,55,50,5,375
Hortensia,General,65,40,20,45,50,55,55,50,10,390
Hortensia,Great Knight,60,35,20,50,50,50,65,55,5,390
Hortensia,Sword Cavalier,50,30,20,45,60,35,65,60,0,365
Hortensia,Lance Cavalier,50,30,20,45,60,35,65,60,0,365
Hortensia,Axe Cavalier,50,30,20,45,60,35,65,60,0,365
Hortensia,Paladin,55,35,20,45,65,40,70,60,0,390
Hortensia,Wolf Knight,50,25,20,50,70,30,75,70,0,390
Hortensia,Mage,40,20,45,40,50,25,80,55,0,355
Hortensia,Sage,40,20,50,40,50,25,85,65,0,375
Hortensia,Mage Knight,45,25,45,35,55,35,80,55,0,375
Hortensia,Martial Monk,40,30,45,35,50,35,75,60,0,370
Hortensia,Martial Master,45,30,40,35,50,40,80,60,0,380
Hortensia,High Priest,40,20,45,35,55,25,85,80,0,385
Hortensia,Sword Flier,45,30,25,45,60,25,65,60,0,355
Hortensia,Lance Flier,45,30,25,45,60,25,65,60,0,355
Hortensia,Axe Flier,45,30,25,45,60,25,65,60,0,355
Hortensia,Griffin Knight,40,30,35,50,70,25,70,65,0,385
Hortensia,Wyvern Knight,60,40,20,45,55,45,60,55,5,385
Hortensia,Thief,45,30,20,55,65,40,60,65,0,380
Seadall,Sword Fighter,65,35,15,40,70,25,40,45,10,345
Seadall,Swordmaster,65,35,15,40,70,25,40,50,10,350
Seadall,Hero,70,40,15,35,65,25,35,50,10,345
Seadall,Lance Fighter,65,35,20,45,55,35,30,35,10,330
Seadall,Halberdier,65,40,20,45,60,40,30,40,10,350
Seadall,Royal Knight,60,35,30,40,65,30,45,45,10,360
Seadall,Axe Fighter,80,45,15,30,60,30,25,35,15,335
Seadall,Berserker,85,55,15,30,60,30,25,35,20,355
Seadall,Warrior,80,45,15,35,65,35,30,35,15,355
Seadall,Archer,65,40,15,50,60,30,25,40,10,335
Seadall,Sniper,70,40,15,55,60,35,25,45,10,355
Seadall,Bow Knight,65,35,15,45,70,25,40,50,10,355
Seadall,Sword Armor,75,40,15,35,50,55,25,35,15,345
Seadall,Lance Armor,75,40,15,35,50,55,25,35,15,345
Seadall,Axe Armor,75,40,15,35,50,55,25,35,15,345
Seadall,General,80,45,15,35,50,55,25,35,20,360
Seadall,Great Knight,75,40,15,40,50,50,35,40,15,360
Seadall,Sword Cavalier,65,35,15,35,60,35,35,45,10,335
Seadall,Lance Cavalier,65,35,15,35,60,35,35,45,10,335
Seadall,Axe Cavalier,65,35,15,35,60,35,35,45,10,335
Seadall,Paladin,70,40,15,35,65,40,40,45,10,360
Seadall,Wolf Knight,65,30,15,40,70,30,45,55,10,360
Seadall,Mage,55,25,40,30,50,25,50,40,10,325
Seadall,Sage,55,25,45,30,50,25,55,50,10,345
Seadall,Mage Knight,60,30,40,25,55,35,50,40,10,345
Seadall,Martial Monk,55,35,40,25,50,35,45,45,10,340
Seadall,Martial Master,60,35,35,25,50,40,50,45,10,350
Seadall,High Priest,55,25,40,25,55,25,55,65,10,355
Seadall,Sword Flier,60,35,20,35,60,25,35,45,10,325
Seadall,Lance Flier,60,35,20,35,60,25,35,45,10,325
Seadall,Axe Flier,60,35,20,35,60,25,35,45,10,325
Seadall,Griffin Knight,55,35,30,40,70,25,40,50,10,355
Seadall,Wyvern Knight,75,45,15,35,55,45,30,40,15,355
Seadall,Thief,60,35,15,45,65,40,30,50,10,350
Seadall,Dancer,60,35,15,30,65,35,45,55,10,350
Rosado,Sword Fighter,85,55,25,55,65,30,45,30,5,395
Rosado,Swordmaster,85,55,25,55,65,30,45,35,5,400
Rosado,Hero,90,60,25,50,60,30,40,35,5,395
Rosado,Lance Fighter,85,55,30,60,50,40,35,20,5,380
Rosado,Halberdier,85,60,30,60,55,45,35,25,5,400
Rosado,Royal Knight,80,55,40,55,60,35,50,30,5,410
Rosado,Axe Fighter,100,65,25,45,55,35,30,20,10,385
Rosado,Berserker,105,75,25,45,55,35,30,20,15,405
Rosado,Warrior,100,65,25,50,60,40,35,20,10,405
Rosado,Archer,85,60,25,65,55,35,30,25,5,385
Rosado,Sniper,90,60,25,70,55,40,30,30,5,405
Rosado,Bow Knight,85,55,25,60,65,30,45,35,5,405
Rosado,Sword Armor,95,60,25,50,45,60,30,20,10,395
Rosado,Lance Armor,95,60,25,50,45,60,30,20,10,395
Rosado,Axe Armor,95,60,25,50,45,60,30,20,10,395
Rosado,General,100,65,25,50,45,60,30,20,15,410
Rosado,Great Knight,95,60,25,55,45,55,40,25,10,410
Rosado,Sword Cavalier,85,55,25,50,55,40,40,30,5,385
Rosado,Lance Cavalier,85,55,25,50,55,40,40,30,5,385
Rosado,Axe Cavalier,85,55,25,50,55,40,40,30,5,385
Rosado,Paladin,90,60,25,50,60,45,45,30,5,410
Rosado,Wolf Knight,85,50,25,55,65,35,50,40,5,410
Rosado,Mage,75,45,50,45,45,30,55,25,5,375
Rosado,Sage,75,45,55,45,45,30,60,35,5,395
Rosado,Mage Knight,80,50,50,40,50,40,55,25,5,395
Rosado,Martial Monk,75,55,50,40,45,40,50,30,5,390
Rosado,Martial Master,80,55,45,40,45,45,55,30,5,400
Rosado,High Priest,75,45,50,40,50,30,60,50,5,405
Rosado,Sword Flier,80,55,30,50,55,30,40,30,5,375
Rosado,Lance Flier,80,55,30,50,55,30,40,30,5,375
Rosado,Axe Flier,80,55,30,50,55,30,40,30,5,375
Rosado,Griffin Knight,75,55,40,55,65,30,45,35,5,405
Rosado,Wyvern Knight,95,65,25,50,50,50,35,25,10,405
Rosado,Thief,80,55,25,60,60,45,35,35,5,400
Goldmary,Sword Fighter,75,40,5,40,45,55,40,35,5,340
Goldmary,Swordmaster,75,40,5,40,45,55,40,40,5,345
Goldmary,Hero,80,45,5,35,40,55,35,40,5,340
Goldmary,Lance Fighter,75,40,10,45,30,65,30,25,5,325
Goldmary,Halberdier,75,45,10,45,35,70,30,30,5,345
Goldmary,Royal Knight,70,40,20,40,40,60,45,35,5,355
Goldmary,Axe Fighter,90,50,5,30,35,60,25,25,10,330
Goldmary,Berserker,95,60,5,30,35,60,25,25,15,350
Goldmary,Warrior,90,50,5,35,40,65,30,25,10,350
Goldmary,Archer,75,45,5,50,35,60,25,30,5,330
Goldmary,Sniper,80,45,5,55,35,65,25,35,5,350
Goldmary,Bow Knight,75,40,5,45,45,55,40,40,5,350
Goldmary,Sword Armor,85,45,5,35,25,85,25,25,10,340
Goldmary,Lance Armor,85,45,5,35,25,85,25,25,10,340
Goldmary,Axe Armor,85,45,5,35,25,85,25,25,10,340
Goldmary,General,90,50,5,35,25,85,25,25,15,355
Goldmary,Great Knight,85,45,5,40,25,80,35,30,10,355
Goldmary,Sword Cavalier,75,40,5,35,35,65,35,35,5,330
Goldmary,Lance Cavalier,75,40,5,35,35,65,35,35,5,330
Goldmary,Axe Cavalier,75,40,5,35,35,65,35,35,5,330
Goldmary,Paladin,80,45,5,35,40,70,40,35,5,355
Goldmary,Wolf Knight,75,35,5,40,45,60,45,45,5,355
Goldmary,Mage,65,30,30,30,25,55,50,30,5,320
Goldmary,Sage,65,30,35,30,25,55,55,40,5,340
Goldmary,Mage Knight,70,35,30,25,30,65,50,30,5,340
Goldmary,Martial Monk,65,40,30,25,25,65,45,35,5,335
Goldmary,Martial Master,70,40,25,25,25,70,50,35,5,345
Goldmary,High Priest,65,30,30,25,30,55,55,55,5,350
Goldmary,Sword Flier,70,40,10,35,35,55,35,35,5,320
Goldmary,Lance Flier,70,40,10,35,35,55,35,35,5,320
Goldmary,Axe Flier,70,40,10,35,35,55,35,35,5,320
Goldmary,Griffin Knight,65,40,20,40,45,55,40,40,5,350
Goldmary,Wyvern Knight,85,50,5,35,30,75,30,30,10,350
Goldmary,Thief,70,40,5,45,40,70,30,40,5,345
Lindon,Sword Fighter,75,35,25,40,60,25,55,25,10,350
Lindon,Swordmaster,75,35,25,40,60,25,55,30,10,355
Lindon,Hero,80,40,25,35,55,25,50,30,10,350
Lindon,Lance Fighter,75,35,30,45,45,35,45,15,10,335
Lindon,Halberdier,75,40,30,45,50,40,45,20,10,355
Lindon,Royal Knight,70,35,40,40,55,30,60,25,10,365
Lindon,Axe Fighter,90,45,25,30,50,30,40,15,15,340
Lindon,Berserker,95,55,25,30,50,30,40,15,20,360
Lindon,Warrior,90,45,25,35,55,35,45,15,15,360
Lindon,Archer,75,40,25,50,50,30,40,20,10,340
Lindon,Sniper,80,40,25,55,50,35,40,25,10,360
Lindon,Bow Knight,75,35,25,45,60,25,55,30,10,360
Lindon,Sword Armor,85,40,25,35,40,55,40,15,15,350
Lindon,Lance Armor,85,40,25,35,40,55,40,15,15,350
Lindon,Axe Armor,85,40,25,35,40,55,40,15,15,350
Lindon,General,90,45,25,35,40,55,40,15,20,365
Lindon,Great Knight,85,40,25,40,40,50,50,20,15,365
Lindon,Sword Cavalier,75,35,25,35,50,35,50,25,10,340
Lindon,Lance Cavalier,75,35,25,35,50,35,50,25,10,340
Lindon,Axe Cavalier,75,35,25,35,50,35,50,25,10,340
Lindon,Paladin,80,40,25,35,55,40,55,25,10,365
Lindon,Wolf Knight,75,30,25,40,60,30,60,35,10,365
Lindon,Mage,65,25,50,30,40,25,65,20,10,330
Lindon,Sage,65,25,55,30,40,25,70,30,10,350
Lindon,Mage Knight,70,30,50,25,45,35,65,20,10,350
Lindon,Martial Monk,65,35,50,25,40,35,60,25,10,345
Lindon,Martial Master,70,35,45,25,40,40,65,25,10,355
Lindon,High Priest,65,25,50,25,45,25,70,45,10,360
Lindon,Sword Flier,70,35,30,35,50,25,50,25,10,330
Lindon,Lance Flier,70,35,30,35,50,25,50,25,10,330
Lindon,Axe Flier,70,35,30,35,50,25,50,25,10,330
Lindon,Griffin Knight,65,35,40,40,60,25,55,30,10,360
Lindon,Wyvern Knight,85,45,25,35,45,45,45,20,15,360
Lindon,Thief,70,35,25,45,55,40,45,30,10,355
Saphir,Sword Fighter,90,45,0,40,50,30,20,30,10,315
Saphir,Swordmaster,90,45,0,40,50,30,20,35,10,320
Saphir,Hero,95,50,0,35,45,30,15,35,10,315
Saphir,Lance Fighter,90,45,5,45,35,40,10,20,10,300
Saphir,Halberdier,90,50,5,45,40,45,10,25,10,320
Saphir,Royal Knight,85,45,15,40,45,35,25,30,10,330
Saphir,Axe Fighter,105,55,0,30,40,35,5,20,15,305
Saphir,Berserker,110,65,0,30,40,35,5,20,20,325
Saphir,Warrior,105,55,0,35,45,40,10,20,15,325
Saphir,Archer,90,50,0,50,40,35,5,25,10,305
Saphir,Sniper,95,50,0,55,40,40,5,30,10,325
Saphir,Bow Knight,90,45,0,45,50,30,20,35,10,325
Saphir,Sword Armor,100,50,0,35,30,60,5,20,15,315
Saphir,Lance Armor,100,50,0,35,30,60,5,20,15,315
Saphir,Axe Armor,100,50,0,35,30,60,5,20,15,315
Saphir,General,105,55,0,35,30,60,5,20,20,330
Saphir,Great Knight,100,50,0,40,30,55,15,25,15,330
Saphir,Sword Cavalier,90,45,0,35,40,40,15,30,10,305
Saphir,Lance Cavalier,90,45,0,35,40,40,15,30,10,305
Saphir,Axe Cavalier,90,45,0,35,40,40,15,30,10,305
Saphir,Paladin,95,50,0,35,45,45,20,30,10,330
Saphir,Wolf Knight,90,40,0,40,50,35,25,40,10,330
Saphir,Mage,80,35,25,30,30,30,30,25,10,295
Saphir,Sage,80,35,30,30,30,30,35,35,10,315
Saphir,Mage Knight,85,40,25,25,35,40,30,25,10,315
Saphir,Martial Monk,80,45,25,25,30,40,25,30,10,310
Saphir,Martial Master,85,45,20,25,30,45,30,30,10,320
Saphir,High Priest,80,35,25,25,35,30,35,50,10,325
Saphir,Sword Flier,85,45,5,35,40,30,15,30,10,295
Saphir,Lance Flier,85,45,5,35,40,30,15,30,10,295
Saphir,Axe Flier,85,45,5,35,40,30,15,30,10,295
Saphir,Griffin Knight,80,45,15,40,50,30,20,35,10,325
Saphir,Wyvern Knight,100,55,0,35,35,50,10,25,15,325
Saphir,Thief,85,45,0,45,45,45,10,35,10,320
Veyle,Sword Fighter,50,35,45,50,50,25,50,30,0,335
Veyle,Swordmaster,50,35,45,50,50,25,50,35,0,340
Veyle,Hero,55,40,45,45,45,25,45,35,0,335
Veyle,Lance Fighter,50,35,50,55,35,35,40,20,0,320
Veyle,Halberdier,50,40,50,55,40,40,40,25,0,340
Veyle,Royal Knight,45,35,60,50,45,30,55,30,0,350
Veyle,Axe Fighter,65,45,45,40,40,30,35,20,5,325
Veyle,Berserker,70,55,45,40,40,30,35,20,10,345
Veyle,Warrior,65,45,45,45,45,35,40,20,5,345
Veyle,Archer,50,40,45,60,40,30,35,25,0,325
Veyle,Sniper,55,40,45,65,40,35,35,30,0,345
Veyle,Bow Knight,50,35,45,55,50,25,50,35,0,345
Veyle,Sword Armor,60,40,45,45,30,55,35,20,5,335
Veyle,Lance Armor,60,40,45,45,30,55,35,20,5,335
Veyle,Axe Armor,60,40,45,45,30,55,35,20,5,335
Veyle,General,65,45,45,45,30,55,35,20,10,350
Veyle,Great Knight,60,40,45,50,30,50,45,25,5,350
Veyle,Sword Cavalier,50,35,45,45,40,35,45,30,0,325
Veyle,Lance Cavalier,50,35,45,45,40,35,45,30,0,325
Veyle,Axe Cavalier,50,35,45,45,40,35,45,30,0,325
Veyle,Paladin,55,40,45,45,45,40,50,30,0,350
Veyle,Wolf Knight,50,30,45,50,50,30,55,40,0,350
Veyle,Mage,40,25,70,40,30,25,60,25,0,315
Veyle,Sage,40,25,75,40,30,25,65,35,0,335
Veyle,Mage Knight,45,30,70,35,35,35,60,25,0,335
Veyle,Martial Monk,40,35,70,35,30,35,55,30,0,330
Veyle,Martial Master,45,35,65,35,30,40,60,30,0,340
Veyle,High Priest,40,25,70,35,35,25,65,50,0,345
Veyle,Sword Flier,45,35,50,45,40,25,45,30,0,315
Veyle,Lance Flier,45,35,50,45,40,25,45,30,0,315
Veyle,Axe Flier,45,35,50,45,40,25,45,30,0,315
Veyle,Griffin Knight,40,35,60,50,50,25,50,35,0,345
Veyle,Wyvern Knight,60,45,45,45,35,45,40,25,5,345
Veyle,Thief,45,35,45,55,45,40,40,35,0,340
Mauvier,Sword Fighter,80,45,40,55,55,50,60,25,15,425
Mauvier,Swordmaster,80,45,40,55,55,50,60,30,15,430
Mauvier,Hero,85,50,40,50,50,50,55,30,15,425
Mauvier,Lance Fighter,80,45,45,60,40,60,50,15,15,410
Mauvier,Halberdier,80,50,45,60,45,65,50,20,15,430
Mauvier,Royal Knight,75,45,55,55,50,55,65,25,15,440
Mauvier,Axe Fighter,95,55,40,45,45,55,45,15,20,415
Mauvier,Berserker,100,65,40,45,45,55,45,15,25,435
Mauvier,Warrior,95,55,40,50,50,60,50,15,20,435
Mauvier,Archer,80,50,40,65,45,55,45,20,15,415
Mauvier,Sniper,85,50,40,70,45,60,45,25,15,435
Mauvier,Bow Knight,80,45,40,60,55,50,60,30,15,435
Mauvier,Sword Armor,90,50,40,50,35,80,45,15,20,425
Mauvier,Lance Armor,90,50,40,50,35,80,45,15,20,425
Mauvier,Axe Armor,90,50,40,50,35,80,45,15,20,425
Mauvier,General,95,55,40,50,35,80,45,15,25,440
Mauvier,Great Knight,90,50,40,55,35,75,55,20,20,440
Mauvier,Sword Cavalier,80,45,40,50,45,60,55,25,15,415
Mauvier,Lance Cavalier,80,45,40,50,45,60,55,25,15,415
Mauvier,Axe Cavalier,80,45,40,50,45,60,55,25,15,415
Mauvier,Paladin,85,50,40,50,50,65,60,25,15,440
Mauvier,Wolf Knight,80,40,40,55,55,55,65,35,15,440
Mauvier,Mage,70,35,65,45,35,50,70,20,15,405
Mauvier,Sage,70,35,70,45,35,50,75,30,15,425
Mauvier,Mage Knight,75,40,65,40,40,60,70,20,15,425
Mauvier,Martial Monk,70,45,65,40,35,60,65,25,15,420
Mauvier,Martial Master,75,45,60,40,35,65,70,25,15,430
Mauvier,High Priest,70,35,65,40,40,50,75,45,15,435
Mauvier,Sword Flier,75,45,45,50,45,50,55,25,15,405
Mauvier,Lance Flier,75,45,45,50,45,50,55,25,15,405
Mauvier,Axe Flier,75,45,45,50,45,50,55,25,15,405
Mauvier,Griffin Knight,70,45,55,55,55,50,60,30,15,435
Mauvier,Wyvern Knight,90,55,40,50,40,70,50,20,20,435
Mauvier,Thief,75,45,40,60,50,65,50,30,15,430
Anna,Sword Fighter,65,25,50,65,70,20,50,55,5,405
Anna,Swordmaster,65,25,50,65,70,20,50,60,5,410
Anna,Hero,70,30,50,60,65,20,45,60,5,405
Anna,Lance Fighter,65,25,55,70,55,30,40,45,5,390
Anna,Halberdier,65,30,55,70,60,35,40,50,5,410
Anna,Royal Knight,60,25,65,65,65,25,55,55,5,420
Anna,Axe Fighter,80,35,50,55,60,25,35,45,10,395
Anna,Berserker,85,45,50,55,60,25,35,45,15,415
Anna,Warrior,80,35,50,60,65,30,40,45,10,415
Anna,Archer,65,30,50,75,60,25,35,50,5,395
Anna,Sniper,70,30,50,80,60,30,35,55,5,415
Anna,Bow Knight,65,25,50,70,70,20,50,60,5,415
Anna,Sword Armor,75,30,50,60,50,50,35,45,10,405
Anna,Lance Armor,75,30,50,60,50,50,35,45,10,405
Anna,Axe Armor,75,30,50,60,50,50,35,45,10,405
Anna,General,80,35,50,60,50,50,35,45,15,420
Anna,Great Knight,75,30,50,65,50,45,45,50,10,420
Anna,Sword Cavalier,65,25,50,60,60,30,45,55,5,395
Anna,Lance Cavalier,65,25,50,60,60,30,45,55,5,395
Anna,Axe Cavalier,65,25,50,60,60,30,45,55,5,395
Anna,Paladin,70,30,50,60,65,35,50,55,5,420
Anna,Wolf Knight,65,20,50,65,70,25,55,65,5,420
Anna,Mage,55,15,75,55,50,20,60,50,5,385
Anna,Sage,55,15,80,55,50,20,65,60,5,405
Anna,Mage Knight,60,20,75,50,55,30,60,50,5,405
Anna,Martial Monk,55,25,75,50,50,30,55,55,5,400
Anna,Martial Master,60,25,70,50,50,35,60,55,5,410
Anna,High Priest,55,15,75,50,55,20,65,75,5,415
Anna,Sword Flier,60,25,55,60,60,20,45,55,5,385
Anna,Lance Flier,60,25,55,60,60,20,45,55,5,385
Anna,Axe Flier,60,25,55,60,60,20,45,55,5,385
Anna,Griffin Knight,55,25,65,65,70,20,50,60,5,415
Anna,Wyvern Knight,75,35,50,60,55,40,40,50,10,415
Anna,Thief,60,25,50,70,65,35,40,60,5,410
Jean,Sword Fighter,70,40,20,65,80,25,50,45,5,400
Jean,Swordmaster,70,40,20,65,80,25,50,55,5,410
Jean,Hero,80,50,20,55,70,25,40,55,5,400
Jean,Lance Fighter,70,40,30,75,50,45,30,25,5,370
Jean,Halberdier,70,50,30,75,60,55,30,35,5,410
Jean,Royal Knight,60,40,50,65,70,35,60,45,5,430
Jean,Axe Fighter,100,60,20,45,60,35,20,25,15,380
Jean,Berserker,110,80,20,45,60,35,20,25,25,420
Jean,Warrior,100,60,20,55,70,45,30,25,15,420
Jean,Archer,70,50,20,85,60,35,20,35,5,380
Jean,Sniper,80,50,20,95,60,45,20,45,5,420
Jean,Bow Knight,70,40,20,75,80,25,50,55,5,420
Jean,Sword Armor,90,50,20,55,40,85,20,25,15,400
Jean,Lance Armor,90,50,20,55,40,85,20,25,15,400
Jean,Axe Armor,90,50,20,55,40,85,20,25,15,400
Jean,General,100,60,20,55,40,85,20,25,25,430
Jean,Great Knight,90,50,20,65,40,75,40,35,15,430
Jean,Sword Cavalier,70,40,20,55,60,45,40,45,5,380
Jean,Lance Cavalier,70,40,20,55,60,45,40,45,5,380
Jean,Axe Cavalier,70,40,20,55,60,45,40,45,5,380
Jean,Paladin,80,50,20,55,70,55,50,45,5,430
Jean,Wolf Knight,70,30,20,65,80,35,60,65,5,430
Jean,Mage,50,20,70,45,40,25,70,35,5,360
Jean,Sage,50,20,80,45,40,25,80,55,5,400
Jean,Mage Knight,60,30,70,35,50,45,70,35,5,400
Jean,Martial Monk,50,40,70,35,40,45,60,45,5,390
Jean,Martial Master,60,40,60,35,40,55,70,45,5,410
Jean,High Priest,50,20,70,35,50,25,80,85,5,420
Jean,Sword Flier,60,40,30,55,60,25,40,45,5,360
Jean,Lance Flier,60,40,30,55,60,25,40,45,5,360
Jean,Axe Flier,60,40,30,55,60,25,40,45,5,360
Jean,Griffin Knight,50,40,50,65,80,25,50,55,5,420
Jean,Wyvern Knight,90,60,20,55,50,65,30,35,15,420
Jean,Thief,60,40,20,75,70,55,30,55,5,410
